site_id,band_index,wavelength_nm
bingham,0,376.4400
bingham,1,381.4100
bingham,2,386.3800
bingham,3,391.3500
bingham,4,396.3200
bingham,5,401.2900
bingham,6,406.2600
bingham,7,411.2300
bingham,8,416.2100
bingham,9,421.1800
bingham,10,426.1600
bingham,11,431.1400
bingham,12,436.1200
bingham,13,441.1000
bingham,14,446.0800
bingham,15,451.0600
bingham,16,456.0400
bingham,17,461.0200
bingham,18,466.0100
bingham,19,470.9900
bingham,20,475.9800
bingham,21,480.9600
bingham,22,485.9500
bingham,23,490.9300
bingham,24,495.9200
bingham,25,500.9100
bingham,26,505.9000
bingham,27,510.8900
bingham,28,515.8800
bingham,29,520.8700
bingham,30,525.8700
bingham,31,530.8600
bingham,32,535.8500
bingham,33,540.8500
bingham,34,545.8400
bingham,35,550.8400
bingham,36,555.8300
bingham,37,560.8300
bingham,38,565.8300
bingham,39,570.8300
bingham,40,575.8200
bingham,41,580.8200
bingham,42,585.8200
bingham,43,590.8200
bingham,44,595.8200
bingham,45,600.8200
bingham,46,605.8200
bingham,47,610.8200
bingham,48,615.8300
bingham,49,620.8300
bingham,50,625.8300
bingham,51,630.8300
bingham,52,635.8400
bingham,53,640.8400
bingham,54,645.8500
bingham,55,650.8500
bingham,56,655.8600
bingham,57,660.8600
bingham,58,665.8700
bingham,59,670.8700
bingham,60,675.8800
bingham,61,680.8900
bingham,62,685.8900
bingham,63,690.9000
bingham,64,695.9100
bingham,65,700.9100
bingham,66,705.9200
bingham,67,710.9300
bingham,68,715.9400
bingham,69,720.9500
bingham,70,725.9600
bingham,71,730.9700
bingham,72,735.9800
bingham,73,740.9800
bingham,74,745.9900
bingham,75,751.0000
bingham,76,756.0200
bingham,77,761.0200
bingham,78,766.0400
bingham,79,771.0500
bingham,80,776.0600
bingham,81,781.0700
bingham,82,786.0800
bingham,83,791.0900
bingham,84,796.1000
bingham,85,801.1200
bingham,86,806.1300
bingham,87,811.1400
bingham,88,816.1500
bingham,89,821.1600
bingham,90,826.1800
bingham,91,831.1900
bingham,92,836.2000
bingham,93,841.2100
bingham,94,846.2300
bingham,95,851.2400
bingham,96,856.2500
bingham,97,861.2600
bingham,98,866.2800
bingham,99,871.2900
bingham,100,876.3000
bingham,101,881.3200
bingham,102,886.3300
bingham,103,891.3400
bingham,104,896.3600
bingham,105,901.3700
bingham,106,906.3800
bingham,107,911.4000
bingham,108,916.4100
bingham,109,921.4200
bingham,110,926.4400
bingham,111,931.4500
bingham,112,936.4600
bingham,113,941.4800
bingham,114,946.4900
bingham,115,951.5000
bingham,116,956.5200
bingham,117,961.5300
bingham,118,966.5500
bingham,119,971.5600
bingham,120,976.5700
bingham,121,981.5900
bingham,122,986.6000
bingham,123,991.6100
bingham,124,996.6300
bingham,125,1001.6400
bingham,126,1006.6500
bingham,127,1011.6700
bingham,128,1016.6800
bingham,129,1021.6900
bingham,130,1026.7100
bingham,131,1031.7200
bingham,132,1036.7300
bingham,133,1041.7500
bingham,134,1046.7600
bingham,135,1051.7700
bingham,136,1056.7900
bingham,137,1061.8000
bingham,138,1066.8101
bingham,139,1071.8300
bingham,140,1076.8400
bingham,141,1081.8500
bingham,142,1086.8600
bingham,143,1091.8800
bingham,144,1096.8900
bingham,145,1101.9000
bingham,146,1106.9200
bingham,147,1111.9301
bingham,148,1116.9399
bingham,149,1121.9500
bingham,150,1126.9700
bingham,151,1131.9800
bingham,152,1136.9900
bingham,153,1142.0000
bingham,154,1147.0100
bingham,155,1152.0300
bingham,156,1157.0400
bingham,157,1162.0500
bingham,158,1167.0601
bingham,159,1172.0699
bingham,160,1177.0800
bingham,161,1182.1000
bingham,162,1187.1100
bingham,163,1192.1200
bingham,164,1197.1300
bingham,165,1202.1400
bingham,166,1207.1500
bingham,167,1212.1600
bingham,168,1217.1700
bingham,169,1222.1801
bingham,170,1227.2000
bingham,171,1232.2100
bingham,172,1237.2200
bingham,173,1242.2300
bingham,174,1247.2400
bingham,175,1252.2500
bingham,176,1257.2600
bingham,177,1262.2700
bingham,178,1267.2800
bingham,179,1272.2900
bingham,180,1277.3000
bingham,181,1282.3101
bingham,182,1287.3199
bingham,183,1292.3300
bingham,184,1297.3300
bingham,185,1302.3400
bingham,186,1307.3500
bingham,187,1312.3600
bingham,188,1317.3700
bingham,189,1322.3800
bingham,190,1327.3900
bingham,191,1332.4000
bingham,192,1337.4000
bingham,193,1342.4100
bingham,194,1347.4200
bingham,195,1352.4301
bingham,196,1357.4399
bingham,197,1362.4399
bingham,198,1367.4500
bingham,199,1372.4600
bingham,200,1377.4700
bingham,201,1382.4700
bingham,202,1387.4800
bingham,203,1392.4900
bingham,204,1397.5000
bingham,205,1402.5000
bingham,206,1407.5100
bingham,207,1412.5200
bingham,208,1417.5200
bingham,209,1422.5300
bingham,210,1427.5300
bingham,211,1432.5400
bingham,212,1437.5500
bingham,213,1442.5500
bingham,214,1447.5601
bingham,215,1452.5601
bingham,216,1457.5699
bingham,217,1462.5699
bingham,218,1467.5800
bingham,219,1472.5800
bingham,220,1477.5900
bingham,221,1482.5900
bingham,222,1487.6000
bingham,223,1492.6000
bingham,224,1497.6100
bingham,225,1502.6100
bingham,226,1507.6100
bingham,227,1512.6200
bingham,228,1517.6200
bingham,229,1522.6300
bingham,230,1527.6300
bingham,231,1532.6300
bingham,232,1537.6400
bingham,233,1542.6400
bingham,234,1547.6400
bingham,235,1552.6400
bingham,236,1557.6500
bingham,237,1562.6500
bingham,238,1567.6500
bingham,239,1572.6500
bingham,240,1577.6500
bingham,241,1582.6600
bingham,242,1587.6600
bingham,243,1592.6600
bingham,244,1597.6600
bingham,245,1602.6600
bingham,246,1607.6600
bingham,247,1612.6600
bingham,248,1617.6600
bingham,249,1622.6600
bingham,250,1627.6600
bingham,251,1632.6600
bingham,252,1637.6600
bingham,253,1642.6600
bingham,254,1647.6600
bingham,255,1652.6600
bingham,256,1657.6600
bingham,257,1662.6600
bingham,258,1667.6600
bingham,259,1672.6600
bingham,260,1677.6600
bingham,261,1682.6600
bingham,262,1687.6500
bingham,263,1692.6500
bingham,264,1697.6500
bingham,265,1702.6500
bingham,266,1707.6400
bingham,267,1712.6400
bingham,268,1717.6400
bingham,269,1722.6400
bingham,270,1727.6300
bingham,271,1732.6300
bingham,272,1737.6200
bingham,273,1742.6200
bingham,274,1747.6200
bingham,275,1752.6100
bingham,276,1757.6100
bingham,277,1762.6000
bingham,278,1767.6000
bingham,279,1772.5900
bingham,280,1777.5900
bingham,281,1782.5800
bingham,282,1787.5800
bingham,283,1792.5699
bingham,284,1797.5601
bingham,285,1802.5601
bingham,286,1807.5500
bingham,287,1812.5400
bingham,288,1817.5400
bingham,289,1822.5300
bingham,290,1827.5200
bingham,291,1832.5100
bingham,292,1837.5100
bingham,293,1842.5000
bingham,294,1847.4900
bingham,295,1852.4800
bingham,296,1857.4700
bingham,297,1862.4600
bingham,298,1867.4500
bingham,299,1872.4399
bingham,300,1877.4301
bingham,301,1882.4200
bingham,302,1887.4100
bingham,303,1892.4000
bingham,304,1897.3900
bingham,305,1902.3800
bingham,306,1907.3700
bingham,307,1912.3600
bingham,308,1917.3500
bingham,309,1922.3300
bingham,310,1927.3199
bingham,311,1932.3101
bingham,312,1937.3000
bingham,313,1942.2800
bingham,314,1947.2700
bingham,315,1952.2600
bingham,316,1957.2400
bingham,317,1962.2300
bingham,318,1967.2100
bingham,319,1972.2000
bingham,320,1977.1801
bingham,321,1982.1700
bingham,322,1987.1500
bingham,323,1992.1400
bingham,324,1997.1200
bingham,325,2002.1000
bingham,326,2007.0900
bingham,327,2012.0699
bingham,328,2017.0500
bingham,329,2022.0400
bingham,330,2027.0200
bingham,331,2032.0000
bingham,332,2036.9800
bingham,333,2041.9600
bingham,334,2046.9500
bingham,335,2051.9299
bingham,336,2056.9099
bingham,337,2061.8899
bingham,338,2066.8701
bingham,339,2071.8501
bingham,340,2076.8301
bingham,341,2081.8101
bingham,342,2086.7900
bingham,343,2091.7600
bingham,344,2096.7400
bingham,345,2101.7200
bingham,346,2106.7000
bingham,347,2111.6699
bingham,348,2116.6499
bingham,349,2121.6299
bingham,350,2126.6001
bingham,351,2131.5801
bingham,352,2136.5601
bingham,353,2141.5300
bingham,354,2146.5100
bingham,355,2151.4800
bingham,356,2156.4600
bingham,357,2161.4299
bingham,358,2166.4099
bingham,359,2171.3799
bingham,360,2176.3501
bingham,361,2181.3301
bingham,362,2186.3000
bingham,363,2191.2700
bingham,364,2196.2400
bingham,365,2201.2200
bingham,366,2206.1899
bingham,367,2211.1599
bingham,368,2216.1299
bingham,369,2221.1001
bingham,370,2226.0701
bingham,371,2231.0400
bingham,372,2236.0100
bingham,373,2240.9800
bingham,374,2245.9500
bingham,375,2250.9199
bingham,376,2255.8899
bingham,377,2260.8601
bingham,378,2265.8201
bingham,379,2270.7900
bingham,380,2275.7600
bingham,381,2280.7300
bingham,382,2285.6899
bingham,383,2290.6599
bingham,384,2295.6201
bingham,385,2300.5901
bingham,386,2305.5601
bingham,387,2310.5200
bingham,388,2315.4900
bingham,389,2320.4500
bingham,390,2325.4099
bingham,391,2330.3799
bingham,392,2335.3401
bingham,393,2340.3101
bingham,394,2345.2700
bingham,395,2350.2300
bingham,396,2355.1899
bingham,397,2360.1599
bingham,398,2365.1201
bingham,399,2370.0801
bingham,400,2375.0400
bingham,401,2380.0000
bingham,402,2384.9700
bingham,403,2389.9299
bingham,404,2394.8899
bingham,405,2399.8501
bingham,406,2404.8101
bingham,407,2409.7700
bingham,408,2414.7200
bingham,409,2419.6799
bingham,410,2424.6399
bingham,411,2429.6001
bingham,412,2434.5601
bingham,413,2439.5200
bingham,414,2444.4800
bingham,415,2449.4299
bingham,416,2454.3899
bingham,417,2459.3501
bingham,418,2464.3101
bingham,419,2469.2600
bingham,420,2474.2200
bingham,421,2479.1799
bingham,422,2484.1299
bingham,423,2489.0901
bingham,424,2494.0400
bingham,425,2499.0000
goldfield,0,376.6200
goldfield,1,381.5900
goldfield,2,386.5600
goldfield,3,391.5200
goldfield,4,396.4900
goldfield,5,401.4600
goldfield,6,406.4300
goldfield,7,411.4100
goldfield,8,416.3800
goldfield,9,421.3600
goldfield,10,426.3300
goldfield,11,431.3100
goldfield,12,436.2800
goldfield,13,441.2600
goldfield,14,446.2400
goldfield,15,451.2200
goldfield,16,456.2000
goldfield,17,461.1800
goldfield,18,466.1700
goldfield,19,471.1500
goldfield,20,476.1400
goldfield,21,481.1200
goldfield,22,486.1100
goldfield,23,491.0900
goldfield,24,496.0800
goldfield,25,501.0700
goldfield,26,506.0600
goldfield,27,511.0500
goldfield,28,516.0400
goldfield,29,521.0300
goldfield,30,526.0200
goldfield,31,531.0100
goldfield,32,536.0000
goldfield,33,541.0000
goldfield,34,545.9900
goldfield,35,550.9900
goldfield,36,555.9800
goldfield,37,560.9800
goldfield,38,565.9700
goldfield,39,570.9700
goldfield,40,575.9700
goldfield,41,580.9700
goldfield,42,585.9700
goldfield,43,590.9700
goldfield,44,595.9600
goldfield,45,600.9600
goldfield,46,605.9600
goldfield,47,610.9700
goldfield,48,615.9700
goldfield,49,620.9700
goldfield,50,625.9700
goldfield,51,630.9700
goldfield,52,635.9800
goldfield,53,640.9800
goldfield,54,645.9800
goldfield,55,650.9900
goldfield,56,655.9900
goldfield,57,661.0000
goldfield,58,666.0000
goldfield,59,671.0100
goldfield,60,676.0100
goldfield,61,681.0200
goldfield,62,686.0300
goldfield,63,691.0300
goldfield,64,696.0400
goldfield,65,701.0500
goldfield,66,706.0600
goldfield,67,711.0600
goldfield,68,716.0700
goldfield,69,721.0800
goldfield,70,726.0900
goldfield,71,731.1000
goldfield,72,736.1100
goldfield,73,741.1200
goldfield,74,746.1300
goldfield,75,751.1400
goldfield,76,756.1500
goldfield,77,761.1600
goldfield,78,766.1700
goldfield,79,771.1800
goldfield,80,776.1900
goldfield,81,781.2000
goldfield,82,786.2100
goldfield,83,791.2200
goldfield,84,796.2300
goldfield,85,801.2500
goldfield,86,806.2600
goldfield,87,811.2700
goldfield,88,816.2800
goldfield,89,821.2900
goldfield,90,826.3100
goldfield,91,831.3200
goldfield,92,836.3300
goldfield,93,841.3400
goldfield,94,846.3600
goldfield,95,851.3700
goldfield,96,856.3800
goldfield,97,861.3900
goldfield,98,866.4100
goldfield,99,871.4200
goldfield,100,876.4300
goldfield,101,881.4500
goldfield,102,886.4600
goldfield,103,891.4700
goldfield,104,896.4900
goldfield,105,901.5000
goldfield,106,906.5100
goldfield,107,911.5300
goldfield,108,916.5400
goldfield,109,921.5500
goldfield,110,926.5700
goldfield,111,931.5800
goldfield,112,936.6000
goldfield,113,941.6100
goldfield,114,946.6200
goldfield,115,951.6400
goldfield,116,956.6500
goldfield,117,961.6600
goldfield,118,966.6800
goldfield,119,971.6900
goldfield,120,976.7100
goldfield,121,981.7200
goldfield,122,986.7300
goldfield,123,991.7500
goldfield,124,996.7600
goldfield,125,1001.7800
goldfield,126,1006.7900
goldfield,127,1011.8000
goldfield,128,1016.8200
goldfield,129,1021.8300
goldfield,130,1026.8400
goldfield,131,1031.8600
goldfield,132,1036.8700
goldfield,133,1041.8800
goldfield,134,1046.9000
goldfield,135,1051.9100
goldfield,136,1056.9301
goldfield,137,1061.9399
goldfield,138,1066.9500
goldfield,139,1071.9700
goldfield,140,1076.9800
goldfield,141,1081.9900
goldfield,142,1087.0000
goldfield,143,1092.0200
goldfield,144,1097.0300
goldfield,145,1102.0400
goldfield,146,1107.0601
goldfield,147,1112.0699
goldfield,148,1117.0800
goldfield,149,1122.1000
goldfield,150,1127.1100
goldfield,151,1132.1200
goldfield,152,1137.1300
goldfield,153,1142.1500
goldfield,154,1147.1600
goldfield,155,1152.1700
goldfield,156,1157.1801
goldfield,157,1162.2000
goldfield,158,1167.2100
goldfield,159,1172.2200
goldfield,160,1177.2300
goldfield,161,1182.2400
goldfield,162,1187.2500
goldfield,163,1192.2700
goldfield,164,1197.2800
goldfield,165,1202.2900
goldfield,166,1207.3000
goldfield,167,1212.3101
goldfield,168,1217.3199
goldfield,169,1222.3300
goldfield,170,1227.3500
goldfield,171,1232.3600
goldfield,172,1237.3700
goldfield,173,1242.3800
goldfield,174,1247.3900
goldfield,175,1252.4000
goldfield,176,1257.4100
goldfield,177,1262.4200
goldfield,178,1267.4301
goldfield,179,1272.4399
goldfield,180,1277.4500
goldfield,181,1282.4600
goldfield,182,1287.4700
goldfield,183,1292.4800
goldfield,184,1297.4900
goldfield,185,1302.5000
goldfield,186,1307.5100
goldfield,187,1312.5200
goldfield,188,1317.5300
goldfield,189,1322.5400
goldfield,190,1327.5500
goldfield,191,1332.5601
goldfield,192,1337.5699
goldfield,193,1342.5699
goldfield,194,1347.5800
goldfield,195,1352.5900
goldfield,196,1357.6000
goldfield,197,1362.6100
goldfield,198,1367.6200
goldfield,199,1372.6200
goldfield,200,1377.6300
goldfield,201,1382.6400
goldfield,202,1387.6500
goldfield,203,1392.6600
goldfield,204,1397.6600
goldfield,205,1402.6700
goldfield,206,1407.6801
goldfield,207,1412.6801
goldfield,208,1417.6899
goldfield,209,1422.7000
goldfield,210,1427.7000
goldfield,211,1432.7100
goldfield,212,1437.7200
goldfield,213,1442.7200
goldfield,214,1447.7300
goldfield,215,1452.7400
goldfield,216,1457.7400
goldfield,217,1462.7500
goldfield,218,1467.7500
goldfield,219,1472.7600
goldfield,220,1477.7600
goldfield,221,1482.7700
goldfield,222,1487.7700
goldfield,223,1492.7800
goldfield,224,1497.7800
goldfield,225,1502.7900
goldfield,226,1507.7900
goldfield,227,1512.8000
goldfield,228,1517.8000
goldfield,229,1522.8101
goldfield,230,1527.8101
goldfield,231,1532.8101
goldfield,232,1537.8199
goldfield,233,1542.8199
goldfield,234,1547.8199
goldfield,235,1552.8300
goldfield,236,1557.8300
goldfield,237,1562.8300
goldfield,238,1567.8400
goldfield,239,1572.8400
goldfield,240,1577.8400
goldfield,241,1582.8400
goldfield,242,1587.8400
goldfield,243,1592.8500
goldfield,244,1597.8500
goldfield,245,1602.8500
goldfield,246,1607.8500
goldfield,247,1612.8500
goldfield,248,1617.8500
goldfield,249,1622.8500
goldfield,250,1627.8500
goldfield,251,1632.8600
goldfield,252,1637.8600
goldfield,253,1642.8600
goldfield,254,1647.8600
goldfield,255,1652.8600
goldfield,256,1657.8600
goldfield,257,1662.8500
goldfield,258,1667.8500
goldfield,259,1672.8500
goldfield,260,1677.8500
goldfield,261,1682.8500
goldfield,262,1687.8500
goldfield,263,1692.8500
goldfield,264,1697.8500
goldfield,265,1702.8400
goldfield,266,1707.8400
goldfield,267,1712.8400
goldfield,268,1717.8400
goldfield,269,1722.8300
goldfield,270,1727.8300
goldfield,271,1732.8300
goldfield,272,1737.8300
goldfield,273,1742.8199
goldfield,274,1747.8199
goldfield,275,1752.8101
goldfield,276,1757.8101
goldfield,277,1762.8000
goldfield,278,1767.8000
goldfield,279,1772.8000
goldfield,280,1777.7900
goldfield,281,1782.7900
goldfield,282,1787.7800
goldfield,283,1792.7700
goldfield,284,1797.7700
goldfield,285,1802.7600
goldfield,286,1807.7600
goldfield,287,1812.7500
goldfield,288,1817.7400
goldfield,289,1822.7300
goldfield,290,1827.7300
goldfield,291,1832.7200
goldfield,292,1837.7100
goldfield,293,1842.7100
goldfield,294,1847.7000
goldfield,295,1852.6899
goldfield,296,1857.6801
goldfield,297,1862.6700
goldfield,298,1867.6600
goldfield,299,1872.6500
goldfield,300,1877.6400
goldfield,301,1882.6300
goldfield,302,1887.6200
goldfield,303,1892.6100
goldfield,304,1897.6000
goldfield,305,1902.5900
goldfield,306,1907.5800
goldfield,307,1912.5699
goldfield,308,1917.5601
goldfield,309,1922.5400
goldfield,310,1927.5300
goldfield,311,1932.5200
goldfield,312,1937.5100
goldfield,313,1942.4900
goldfield,314,1947.4800
goldfield,315,1952.4700
goldfield,316,1957.4500
goldfield,317,1962.4399
goldfield,318,1967.4301
goldfield,319,1972.4100
goldfield,320,1977.4000
goldfield,321,1982.3800
goldfield,322,1987.3700
goldfield,323,1992.3500
goldfield,324,1997.3300
goldfield,325,2002.3199
goldfield,326,2007.3000
goldfield,327,2012.2800
goldfield,328,2017.2700
goldfield,329,2022.2500
goldfield,330,2027.2300
goldfield,331,2032.2100
goldfield,332,2037.2000
goldfield,333,2042.1801
goldfield,334,2047.1600
goldfield,335,2052.1399
goldfield,336,2057.1201
goldfield,337,2062.1001
goldfield,338,2067.0801
goldfield,339,2072.0601
goldfield,340,2077.0400
goldfield,341,2082.0200
goldfield,342,2087.0000
goldfield,343,2091.9800
goldfield,344,2096.9500
goldfield,345,2101.9299
goldfield,346,2106.9099
goldfield,347,2111.8899
goldfield,348,2116.8601
goldfield,349,2121.8401
goldfield,350,2126.8201
goldfield,351,2131.7900
goldfield,352,2136.7700
goldfield,353,2141.7400
goldfield,354,2146.7200
goldfield,355,2151.6899
goldfield,356,2156.6699
goldfield,357,2161.6399
goldfield,358,2166.6101
goldfield,359,2171.5901
goldfield,360,2176.5601
goldfield,361,2181.5300
goldfield,362,2186.5100
goldfield,363,2191.4800
goldfield,364,2196.4500
goldfield,365,2201.4199
goldfield,366,2206.3899
goldfield,367,2211.3601
goldfield,368,2216.3401
goldfield,369,2221.3101
goldfield,370,2226.2800
goldfield,371,2231.2500
goldfield,372,2236.2200
goldfield,373,2241.1799
goldfield,374,2246.1499
goldfield,375,2251.1201
goldfield,376,2256.0901
goldfield,377,2261.0601
goldfield,378,2266.0200
goldfield,379,2270.9900
goldfield,380,2275.9600
goldfield,381,2280.9199
goldfield,382,2285.8899
goldfield,383,2290.8601
goldfield,384,2295.8201
goldfield,385,2300.7900
goldfield,386,2305.7500
goldfield,387,2310.7200
goldfield,388,2315.6799
goldfield,389,2320.6499
goldfield,390,2325.6101
goldfield,391,2330.5701
goldfield,392,2335.5300
goldfield,393,2340.5000
goldfield,394,2345.4600
goldfield,395,2350.4199
goldfield,396,2355.3799
goldfield,397,2360.3501
goldfield,398,2365.3101
goldfield,399,2370.2700
goldfield,400,2375.2300
goldfield,401,2380.1899
goldfield,402,2385.1499
goldfield,403,2390.1101
goldfield,404,2395.0701
goldfield,405,2400.0300
goldfield,406,2404.9900
goldfield,407,2409.9500
goldfield,408,2414.8999
goldfield,409,2419.8601
goldfield,410,2424.8201
goldfield,411,2429.7800
goldfield,412,2434.7400
goldfield,413,2439.6899
goldfield,414,2444.6499
goldfield,415,2449.6101
goldfield,416,2454.5601
goldfield,417,2459.5200
goldfield,418,2464.4800
goldfield,419,2469.4299
goldfield,420,2474.3899
goldfield,421,2479.3401
goldfield,422,2484.3000
goldfield,423,2489.2500
goldfield,424,2494.2100
goldfield,425,2499.1599
